BEGIN TRANSACTION;

CREATE TABLE REGIAO
(ID_REGIAO NUMERIC(7) PRIMARY KEY,
 NOME  VARCHAR(40));

CREATE TABLE DEPARTAMENTO
( ID NUMERIC(7) PRIMARY KEY,
NOME VARCHAR(40) NOT NULL,
ID_REGIAO NUMERIC(7 )REFERENCES REGIAO(ID_REGIAO));

CREATE TABLE EMPREGADO
( ID NUMERIC(7) PRIMARY KEY,
 ULT_NOME VARCHAR(20) NOT NULL,
PRIM_NOME  VARCHAR(20) NOT NULL,
CARGO VARCHAR(30),
SALARIO NUMERIC(7,2),
DT_ADMISSAO DATE,
CPF CHAR(11) UNIQUE,
ID_DEPTO NUMERIC(7) REFERENCES DEPARTAMENTO(ID),
ID_GERENTE NUMERIC(7) REFERENCES EMPREGADO(ID));

CREATE TABLE CLIENTE
( ID NUMERIC(7) PRIMARY KEY,
NOME VARCHAR(40) NOT NULL,
VENDEDOR NUMERIC(7) REFERENCES EMPREGADO(ID));

CREATE TABLE BENEFICIOS
(NR NUMERIC(7) PRIMARY KEY,
NOME VARCHAR(40));

CREATE TABLE USABENEFICIO
(EMP NUMERIC(7),
 BENEF NUMERIC(7));


INSERT INTO USABENEFICIO VALUES (1,1);
INSERT INTO USABENEFICIO VALUES (2,1);
INSERT INTO USABENEFICIO VALUES (3,1);
INSERT INTO USABENEFICIO VALUES (4,2);
INSERT INTO USABENEFICIO VALUES (4,3);
INSERT INTO USABENEFICIO VALUES (5,1);
INSERT INTO USABENEFICIO VALUES (5,2);
INSERT INTO USABENEFICIO VALUES (5,3);

INSERT INTO BENEFICIOS VALUES (1,'PLANO DE SAUDE');
INSERT INTO BENEFICIOS VALUES (2,'VALE ALIMENTAÇÃO');
INSERT INTO BENEFICIOS VALUES (3,'VALE TRANSPORTE');

INSERT INTO REGIAO VALUES ( 1, 'Norte');
INSERT INTO REGIAO VALUES ( 2, 'Sul');

INSERT INTO DEPARTAMENTO VALUES ( 10, 'Administrativo',1);
INSERT INTO DEPARTAMENTO VALUES ( 20, 'Vendas',1);
INSERT INTO DEPARTAMENTO VALUES ( 30, 'Compras',2);

INSERT INTO EMPREGADO  VALUES( 1, 'Velasques', 'Carmen', 'Presidente',29500, '05/05/2009','34567890125',10, null);
INSERT INTO EMPREGADO  VALUES( 2, 'Neves', 'Lauro', 'Diretor de Compras',19500, '03/03/2009','23456789012',30,1);
INSERT INTO EMPREGADO  VALUES( 3, 'Nogueira', 'Ernane','Diretor de Vendas', 18000, '07/04/2010','34567890123',20,1);
INSERT INTO EMPREGADO  VALUES( 4, 'Queiroz', 'Mark','Gerente de Compras',8000, '11/11/2010','12345432123',30,2);
INSERT INTO EMPREGADO  VALUES( 5, 'Rodrigues', 'Alberto', 'Vendedor',4000, '10/10/2008', '87965432123', 20,3);
INSERT INTO EMPREGADO  VALUES( 6, 'Ugarte', 'Marlene', 'Vendedor', 3500,'03/03/2009', '87654345678',20,3);

INSERT INTO CLIENTE VALUES ( 110, 'Ponto Quente',5);
INSERT INTO CLIENTE VALUES ( 120, 'Casa Supimpa',6);
INSERT INTO CLIENTE VALUES ( 130, 'Coisas e Tralhas',5);
INSERT INTO CLIENTE VALUES ( 140, 'Casa Desconto',null);
COMMIT;